ID,제목,시작 날짜,종료 날짜,장소(지역),카테고리,가격,관람시간,관람연령
E_00000200,서울시향 뮤지엄 콘서트,2025-06-03,2025-06-03,한성백제박물관 (서울),클래식,무료,60분,전체관람가
E_00000201,국립발레단 '호두까기 인형',2025-12-05,2025-12-06,부신시민회관 대극장 (부산),무용,"40,000원",120분,48개월 이상
E_00000202,피아니스트 김정원 리사이틀,2024-12-04,2024-12-04,예술의전당 콘서트홀 (서울),클래식,"50,000원",120분,초등학생 이상
E_00000203,"2025 함께, 봄",2025-04-12,2025-04-12,국립극장 해오름극장 (서울),클래식,"10,000원",90분,초등학생 이상
E_00000204,국립심포니 창단 '변주의 서막',2025-07-29,2025-07-29,세종예술의전당 (서울),클래식,무료,120분,12세 이상
E_00000205,키릴 페트렌코 & 베를린 필하모닉,2025-11-07,2025-11-09,예술의전당 콘서트홀 (서울),클래식,"110,000원",120분,초등학생 이상
E_00000206,KBS 교향악단 제800회 정기연주회,2024-03-29,2024-03-29,예술의전당 콘서트홀 (서울),클래식,"10,000원",120분,초등학생 이상
E_00000207,"뉴 오리진, 새로운 기원",2025-03-30,2025-03-30,롯데콘서트홀 (서울),클래식,"21,000원",110분,초등학생 이상
E_00000208,유키 구라모토 Peacefully,2025-06-15,2025-06-15,경남문화예술회관 대공연장 (경남),클래식,"40,000원",100분,초등학생 이상
E_00000209,국립무용단 사자의 서,2025-08-30,2025-08-30,성남아트리움 대극장 (경기),무용,"10,000원",70분,초등학생 이상
E_00000210,국립무용단 안무가 프로젝트,2025-11-06,2025-11-09,국립극장 달오름극장 (서울),무용,"30,000원",120분,초등학생 이상
E_00000211,앰비규어스댄스컴퍼니 더 벨트,2025-11-06,2025-11-09,국립극장 하늘극장 (서울),무용,"50,000원",80분,8세 이상
E_00000212,KIADA2025 장애인국제무용제,2025-08-11,2025-08-17,아르코예술극장 (서울),무용,무료,110분,전체관람가
E_00000213,정명훈 & 라 스칼라 필하모닉,2025-09-17,2025-09-17,예술의전당 콘서트홀 (서울),클래식,"90,000원",120분,초등학생 이상
E_00000214,국립심포니오케스트라 아카데미 Colorful,2025-08-20,2025-08-20,예술의전당 콘서트홀 (서울),클래식,"10,000원",110분,초등학생 이상
E_00000215,목관의 대화,2025-08-21,2025-08-21,예술의전당 IBK기업은행챔버홀 (서울),클래식,"40,000원",90분,초등학생 이상
E_00000216,BAC 프라임클래식 IV 윤홍천 피아노 리사이틀,2025-09-06,2025-09-06,부천아트센터 콘서트홀 (경기),클래식,"27,500원",110분,초등학생 이상
E_00000217,박진형 피아노 리사이틀,2025-09-07,2025-09-07,수성아트피아 소극장 (대구),클래식,"30,000원",90분,초등학생 이상
E_00000218,올리비에 라트리 파이프오르간 리사이틀,2025-09-10,2025-09-10,부산콘서트홀 (부산),클래식,"30,000원",95분,초등학생 이상
E_00000219,손열음 & 런던 필하모 지휘 에드워드 가드너,2025-10-16,2025-10-16,대전예술의전당 (대전),클래식,"50,000원",110분,초등학생 이상
E_00000220,데벨로페,2025-08-02,2025-08-02,구로아트밸리 예술극장 (서울),무용,"20,000원",90분,초등학생 이상
E_00000221,크리틱스초이스댄스페스티벌,2025-07-23,2025-08-03,아르코예술극장 (서울),무용,"30,000원",80분,초등학생 이상
E_00000222,미메시스,2025-11-06,2025-11-09,세종문화회관 M씨어터 (서울),무용,"40,000원",75분,초등학생 이상
E_00000223,몬드리안 더 라인 오브 옵세션,2025-08-02,2025-08-02,익산예술의 전당 대공연장 (전북),무용,"13,700원",60분,초등학생 이상
E_00000224,픽셀,2025-09-13,2025-09-13,김해문화의전당 마루홀 (경남),무용,"60,000원",15:00,초등학생 이상
E_00000225,내가 물에서 본 것,2025-08-14,2025-08-14,세종예술의전당 (서울),무용,"15,000원",60분,중학생 이상
E_00000226,피나 바우쉬의 카네이션 부퍼탈 탄츠테아터,2025-11-06,2025-11-09,LG아트센터 LG SIGMATURE 홀 (서울),무용,"60,000원",110분,중학생 이상
E_00000227,더블 빌 유회웅 x 한스 판 마,2025-08-22,2025-08-27,세종문화회관 M씨어터 (서울),무용,"40,000원",80분,초등학생 이상
E_00000228,History of KNB Movement Series 3,2025-08-29,2025-08-31,예술의전당 자유소극장 (서울),무용,"30,000원",80분,초등학생 이상
E_00000229,지브리와 사랑에 빠지다 지브리 영화음악 콘서트,2025-10-11,2025-10-11,GS칼텍스 예울마루 소극장 (전남),클래식,"36,000원",80분,전체관람가
E_00000230,첼리스타 첼로 앙상블 정기연주회 CINEMA,2025-09-07,2025-09-07,예술의전당 콘서트홀 (서울),클래식,"50,000원",120분,초등학생 이상
E_00000231,파리나무십자가 소년합창단,2025-09-13,2025-09-13,아트센터인천 콘서트홀 (인천),클래식,"33,700원",120분,초등학생 이상
E_00000232,낭만주의 거장 차이코프스키 & 라흐마니노프,2025-09-14,2025-09-14,아트센터인천 콘서트홀 (인천),클래식,"43,700원",150분,초등학생 이상
E_00000233,세 남자 이야기,2025-09-06,2025-09-06,천안예술의전당 대공연장 (천안),클래식,"20,000원",100분,초등학생 이상
E_00000234,지젤,2025-11-14,2025-11-15,안산문화예술의전당 해돋이극장 (경기),무용,"30,000원",100분,초등학생 이상
E_00000235,홍콩발레단 <로미오 + 줄리엣 >,2025-09-26,2025-09-27,국립극장 해오름극장 (서울),무용,"30,000원",135분,초등학생 이상
E_00000236,그날,2025-08-30,2025-08-30,경기아트센터 소극장,무용,"15,000원",60분,전체관람가
E_00000237,서울시무용단 <일무>,2025-09-04,2025-09-05,대구문화예술회관 팔공홀 (대구),무용,"20,000원",75분,초등학생 이상
E_00000238,"스윙, 더 라스트 댄스",2025-09-04,2025-09-04,마포아트센터 아트홀맥 (서울),무용,"55,000원",100분,초등학생 이상
E_00000239,이철진의 한영숙류 승무이야기,2025-06-09,2025-09-29,대학로 성균소극장 (서울),무용,"50,000원",60분,초등학생 이상
E_00000240,Over The Top 탭댄스 뮤직 콘서트,2025-08-24,2025-08-24,공주문예회관 대공연장 (공주),무용,"10,000원",60분,초등학생 이상
E_00000241,한 여름밤의 꿈,2025-08-30,2025-08-30,대구콘서트하우스 그랜드홀 (대구),무용,"30,000원",70분,초등학생 이상
E_00000242,춤.소리.어울림 <토지>,2025-10-02,2025-10-03,국립극장 달오름극장 (서울),무용,"20,000원",105분,초등학생 이상
E_00000243,손민수 피아노 리사이틀,2025-10-18,2025-10-18,대전예술의전당 (대전),클래식,"30,000원",90분,초등학생 이상
E_00000244,2025 사운드 아카이브 : 디 오케스트라,2025-09-07,2025-09-07,광주예술의전당 대극장 (광주),클래식,"77,000원",150분,15세 이상
E_00000245,SM CLASSICS LIVE 2025 in SEOUL,2025-08-23,2025-08-24,롯데콘서트홀 (서울),클래식,"61,600원",120분,초등학생 이상
E_00000246,너에게 들려주고 싶은 클래식 이야기,2025-08-24,2025-08-24,성남아트센터 콘서트홀,클래식,"10,000원",115분,초등학생 이상
E_00000247,김도현 피아노 리사이틀,2025-09-27,2025-09-27,예술의전당 IBK기업은행챔버홀 (서울),클래식,"30,000원",95분,초등학생 이상
E_00000248,제네바 피아노 트리오 내한공연,2025-09-13,2025-09-13,나루아트센터 대공연장 (서울),클래식,"10,000원",110분,초등학생 이상
E_00000249,이머비스 콘서트 <빈센조 렌티니의 사계>,2025-08-01,2025-08-02,세종예술의전당 (세종),클래식,"20,000원",70분,초등학생 이상
,,,,,,,,
,,,,,,,,
,,,,,,,,
,,,,,,,,
,,,,,,,,
,,,,,,,,
,,,,,,,,
,,,,,,,,
,,,,,,,,
,,,,,,,,
,,,,,,,,
,,,,,,,,
,,,,,,,,
,,,,,,,,
,,,,,,,,
,,,,,,,,
,,,,,,,,
,,,,,,,,
,,,,,,,,
,,,,,,,,
,,,,,,,,
,,,,,,,,
,,,,,,,,
,,,,,,,,
,,,,,,,,
,,,,,,,,
,,,,,,,,
,,,,,,,,
,,,,,,,,
,,,,,,,,
,,,,,,,,
,,,,,,,,
,,,,,,,,
,,,,,,,,
,,,,,,,,
,,,,,,,,
,,,,,,,,
,,,,,,,,
,,,,,,,,
,,,,,,,,
,,,,,,,,
,,,,,,,,
,,,,,,,,
,,,,,,,,
,,,,,,,,
,,,,,,,,
,,,,,,,,
,,,,,,,,
,,,,,,,,
,,,,,,,,
,,,,,,,,
,,,,,,,,
,,,,,,,,
,,,,,,,,
,,,,,,,,
,,,,,,,,
,,,,,,,,
,,,,,,,,
,,,,,,,,
,,,,,,,,
,,,,,,,,
,,,,,,,,
,,,,,,,,
,,,,,,,,
,,,,,,,,
,,,,,,,,
,,,,,,,,
,,,,,,,,
,,,,,,,,
,,,,,,,,
,,,,,,,,
,,,,,,,,
,,,,,,,,
,,,,,,,,
,,,,,,,,
,,,,,,,,
,,,,,,,,
,,,,,,,,
,,,,,,,,
,,,,,,,,
,,,,,,,,
,,,,,,,,
,,,,,,,,
,,,,,,,,
,,,,,,,,
,,,,,,,,
,,,,,,,,
,,,,,,,,
,,,,,,,,
,,,,,,,,
,,,,,,,,
,,,,,,,,
,,,,,,,,
,,,,,,,,
,,,,,,,,
,,,,,,,,
,,,,,,,,
,,,,,,,,
,,,,,,,,
,,,,,,,,
,,,,,,,,
,,,,,,,,
,,,,,,,,
,,,,,,,,
,,,,,,,,
,,,,,,,,
,,,,,,,,
,,,,,,,,
,,,,,,,,
,,,,,,,,
,,,,,,,,
,,,,,,,,
,,,,,,,,
,,,,,,,,
,,,,,,,,
,,,,,,,,
,,,,,,,,
,,,,,,,,
,,,,,,,,
,,,,,,,,
,,,,,,,,
,,,,,,,,
,,,,,,,,
,,,,,,,,
,,,,,,,,
,,,,,,,,
,,,,,,,,
,,,,,,,,
,,,,,,,,
,,,,,,,,
,,,,,,,,
,,,,,,,,
,,,,,,,,
,,,,,,,,
,,,,,,,,
,,,,,,,,
,,,,,,,,
,,,,,,,,
,,,,,,,,
,,,,,,,,
,,,,,,,,
,,,,,,,,
,,,,,,,,
,,,,,,,,
,,,,,,,,
,,,,,,,,
,,,,,,,,
,,,,,,,,
,,,,,,,,
,,,,,,,,
,,,,,,,,
,,,,,,,,
,,,,,,,,
,,,,,,,,
,,,,,,,,
,,,,,,,,
,,,,,,,,
,,,,,,,,
,,,,,,,,
,,,,,,,,
,,,,,,,,
,,,,,,,,
,,,,,,,,
,,,,,,,,
,,,,,,,,
,,,,,,,,
,,,,,,,,
,,,,,,,,
,,,,,,,,
,,,,,,,,
,,,,,,,,
,,,,,,,,
,,,,,,,,
,,,,,,,,
,,,,,,,,
,,,,,,,,
,,,,,,,,
,,,,,,,,
,,,,,,,,
,,,,,,,,
,,,,,,,,
,,,,,,,,
,,,,,,,,
,,,,,,,,
,,,,,,,,
,,,,,,,,
,,,,,,,,
,,,,,,,,
,,,,,,,,
,,,,,,,,
,,,,,,,,
,,,,,,,,
,,,,,,,,
,,,,,,,,
,,,,,,,,
,,,,,,,,
,,,,,,,,
,,,,,,,,
,,,,,,,,
,,,,,,,,
,,,,,,,,
,,,,,,,,
,,,,,,,,
,,,,,,,,
,,,,,,,,
,,,,,,,,
,,,,,,,,
,,,,,,,,
,,,,,,,,
,,,,,,,,
,,,,,,,,
,,,,,,,,
,,,,,,,,
,,,,,,,,
,,,,,,,,
,,,,,,,,
,,,,,,,,
,,,,,,,,
,,,,,,,,
,,,,,,,,
,,,,,,,,
,,,,,,,,
,,,,,,,,
,,,,,,,,
,,,,,,,,
,,,,,,,,
,,,,,,,,
,,,,,,,,
,,,,,,,,
,,,,,,,,
,,,,,,,,
,,,,,,,,
,,,,,,,,
,,,,,,,,
,,,,,,,,
,,,,,,,,
,,,,,,,,
,,,,,,,,
,,,,,,,,
,,,,,,,,
,,,,,,,,
,,,,,,,,
,,,,,,,,
,,,,,,,,
,,,,,,,,
,,,,,,,,
,,,,,,,,
,,,,,,,,
,,,,,,,,
,,,,,,,,
,,,,,,,,
,,,,,,,,
,,,,,,,,
,,,,,,,,
,,,,,,,,
,,,,,,,,
,,,,,,,,
,,,,,,,,
,,,,,,,,
,,,,,,,,
,,,,,,,,
,,,,,,,,
,,,,,,,,
,,,,,,,,
,,,,,,,,
,,,,,,,,
,,,,,,,,
,,,,,,,,
,,,,,,,,
,,,,,,,,
,,,,,,,,
,,,,,,,,
,,,,,,,,
,,,,,,,,
,,,,,,,,
,,,,,,,,
,,,,,,,,
,,,,,,,,
,,,,,,,,
,,,,,,,,
,,,,,,,,
,,,,,,,,
,,,,,,,,
,,,,,,,,
,,,,,,,,
,,,,,,,,
,,,,,,,,
,,,,,,,,
,,,,,,,,
,,,,,,,,
,,,,,,,,
,,,,,,,,
,,,,,,,,
,,,,,,,,
,,,,,,,,
,,,,,,,,
,,,,,,,,
,,,,,,,,
,,,,,,,,
,,,,,,,,
,,,,,,,,
,,,,,,,,
,,,,,,,,
,,,,,,,,
,,,,,,,,
,,,,,,,,
,,,,,,,,
,,,,,,,,
,,,,,,,,
,,,,,,,,
,,,,,,,,
,,,,,,,,
,,,,,,,,
,,,,,,,,
,,,,,,,,
,,,,,,,,
,,,,,,,,
,,,,,,,,
,,,,,,,,
,,,,,,,,
,,,,,,,,
,,,,,,,,
,,,,,,,,
,,,,,,,,
,,,,,,,,
,,,,,,,,
,,,,,,,,
,,,,,,,,
,,,,,,,,
,,,,,,,,
,,,,,,,,
,,,,,,,,
,,,,,,,,
,,,,,,,,
,,,,,,,,
,,,,,,,,
,,,,,,,,
,,,,,,,,
,,,,,,,,
,,,,,,,,
,,,,,,,,
,,,,,,,,
,,,,,,,,
,,,,,,,,
,,,,,,,,
,,,,,,,,
,,,,,,,,
,,,,,,,,
,,,,,,,,
,,,,,,,,
,,,,,,,,
,,,,,,,,
,,,,,,,,
,,,,,,,,
,,,,,,,,
,,,,,,,,
,,,,,,,,
,,,,,,,,
,,,,,,,,
,,,,,,,,
,,,,,,,,
,,,,,,,,
,,,,,,,,
,,,,,,,,
,,,,,,,,
,,,,,,,,
,,,,,,,,
,,,,,,,,
,,,,,,,,
,,,,,,,,
,,,,,,,,
,,,,,,,,
,,,,,,,,
,,,,,,,,
,,,,,,,,
,,,,,,,,
,,,,,,,,
,,,,,,,,
,,,,,,,,
,,,,,,,,
,,,,,,,,
,,,,,,,,
,,,,,,,,
,,,,,,,,
,,,,,,,,
,,,,,,,,
,,,,,,,,
,,,,,,,,
,,,,,,,,
,,,,,,,,
,,,,,,,,
,,,,,,,,
,,,,,,,,
,,,,,,,,
,,,,,,,,
,,,,,,,,
,,,,,,,,
,,,,,,,,
,,,,,,,,
,,,,,,,,
,,,,,,,,
,,,,,,,,
,,,,,,,,
,,,,,,,,
,,,,,,,,
,,,,,,,,
,,,,,,,,
,,,,,,,,
,,,,,,,,
,,,,,,,,
,,,,,,,,
,,,,,,,,
,,,,,,,,
,,,,,,,,
,,,,,,,,
,,,,,,,,
,,,,,,,,
,,,,,,,,
,,,,,,,,
,,,,,,,,
,,,,,,,,
,,,,,,,,
,,,,,,,,
,,,,,,,,
,,,,,,,,
,,,,,,,,
,,,,,,,,
,,,,,,,,
,,,,,,,,
,,,,,,,,
,,,,,,,,
,,,,,,,,
,,,,,,,,
,,,,,,,,
,,,,,,,,
,,,,,,,,
,,,,,,,,
,,,,,,,,
,,,,,,,,
,,,,,,,,
,,,,,,,,
,,,,,,,,
,,,,,,,,
,,,,,,,,
,,,,,,,,
,,,,,,,,
,,,,,,,,
,,,,,,,,
,,,,,,,,
,,,,,,,,
,,,,,,,,
,,,,,,,,
,,,,,,,,
,,,,,,,,
,,,,,,,,
,,,,,,,,
,,,,,,,,
,,,,,,,,
,,,,,,,,
,,,,,,,,
,,,,,,,,
,,,,,,,,
,,,,,,,,
,,,,,,,,
,,,,,,,,
,,,,,,,,
,,,,,,,,
,,,,,,,,
,,,,,,,,
,,,,,,,,
,,,,,,,,
,,,,,,,,
,,,,,,,,
,,,,,,,,
,,,,,,,,
,,,,,,,,
,,,,,,,,
,,,,,,,,
,,,,,,,,
,,,,,,,,
,,,,,,,,
,,,,,,,,
,,,,,,,,
,,,,,,,,
,,,,,,,,
,,,,,,,,
,,,,,,,,
,,,,,,,,
,,,,,,,,
,,,,,,,,
,,,,,,,,
,,,,,,,,
,,,,,,,,
,,,,,,,,
,,,,,,,,
,,,,,,,,
,,,,,,,,
,,,,,,,,
,,,,,,,,
,,,,,,,,
,,,,,,,,
,,,,,,,,
,,,,,,,,
,,,,,,,,
,,,,,,,,
,,,,,,,,
,,,,,,,,
,,,,,,,,
,,,,,,,,
,,,,,,,,
,,,,,,,,
,,,,,,,,
,,,,,,,,
,,,,,,,,
,,,,,,,,
,,,,,,,,
,,,,,,,,
,,,,,,,,
,,,,,,,,
,,,,,,,,
,,,,,,,,
,,,,,,,,
,,,,,,,,
,,,,,,,,
,,,,,,,,
,,,,,,,,
,,,,,,,,
,,,,,,,,
,,,,,,,,
,,,,,,,,
,,,,,,,,
,,,,,,,,
,,,,,,,,
,,,,,,,,
,,,,,,,,
,,,,,,,,
,,,,,,,,
,,,,,,,,
,,,,,,,,
,,,,,,,,
,,,,,,,,
,,,,,,,,
,,,,,,,,
,,,,,,,,
,,,,,,,,
,,,,,,,,
,,,,,,,,
,,,,,,,,
,,,,,,,,
,,,,,,,,
,,,,,,,,
,,,,,,,,
,,,,,,,,
,,,,,,,,
,,,,,,,,
,,,,,,,,
,,,,,,,,
,,,,,,,,
,,,,,,,,
,,,,,,,,
,,,,,,,,
,,,,,,,,
,,,,,,,,
,,,,,,,,
,,,,,,,,
,,,,,,,,
,,,,,,,,
,,,,,,,,
,,,,,,,,
,,,,,,,,
,,,,,,,,
,,,,,,,,
,,,,,,,,
,,,,,,,,
,,,,,,,,
,,,,,,,,
,,,,,,,,
,,,,,,,,
,,,,,,,,
,,,,,,,,
,,,,,,,,
,,,,,,,,
,,,,,,,,
,,,,,,,,
,,,,,,,,
,,,,,,,,
,,,,,,,,
,,,,,,,,
,,,,,,,,
,,,,,,,,
,,,,,,,,
,,,,,,,,
,,,,,,,,
,,,,,,,,
,,,,,,,,
,,,,,,,,
,,,,,,,,
,,,,,,,,
,,,,,,,,
,,,,,,,,
,,,,,,,,
,,,,,,,,
,,,,,,,,
,,,,,,,,
,,,,,,,,
,,,,,,,,
,,,,,,,,
,,,,,,,,
,,,,,,,,
,,,,,,,,
,,,,,,,,
,,,,,,,,
,,,,,,,,
,,,,,,,,
,,,,,,,,
,,,,,,,,
,,,,,,,,
,,,,,,,,
,,,,,,,,
,,,,,,,,
,,,,,,,,
,,,,,,,,
,,,,,,,,
,,,,,,,,
,,,,,,,,
,,,,,,,,
,,,,,,,,
,,,,,,,,
,,,,,,,,
,,,,,,,,
,,,,,,,,
,,,,,,,,
,,,,,,,,
,,,,,,,,
,,,,,,,,
,,,,,,,,
,,,,,,,,
,,,,,,,,
,,,,,,,,
,,,,,,,,
,,,,,,,,
,,,,,,,,
,,,,,,,,
,,,,,,,,
,,,,,,,,
,,,,,,,,
,,,,,,,,
,,,,,,,,
,,,,,,,,
,,,,,,,,
,,,,,,,,
,,,,,,,,
,,,,,,,,
,,,,,,,,
,,,,,,,,
,,,,,,,,
,,,,,,,,
,,,,,,,,
,,,,,,,,
,,,,,,,,
,,,,,,,,
,,,,,,,,
,,,,,,,,
,,,,,,,,
,,,,,,,,
,,,,,,,,
,,,,,,,,
,,,,,,,,
,,,,,,,,
,,,,,,,,
,,,,,,,,
,,,,,,,,
,,,,,,,,
,,,,,,,,
,,,,,,,,
,,,,,,,,
,,,,,,,,
,,,,,,,,
,,,,,,,,
,,,,,,,,
,,,,,,,,
,,,,,,,,
,,,,,,,,
,,,,,,,,
,,,,,,,,
,,,,,,,,
,,,,,,,,
,,,,,,,,
,,,,,,,,
,,,,,,,,
,,,,,,,,
,,,,,,,,
,,,,,,,,
,,,,,,,,
,,,,,,,,
,,,,,,,,
,,,,,,,,
,,,,,,,,
,,,,,,,,
,,,,,,,,
,,,,,,,,
,,,,,,,,
,,,,,,,,
,,,,,,,,
,,,,,,,,
,,,,,,,,
,,,,,,,,
,,,,,,,,
,,,,,,,,
,,,,,,,,
,,,,,,,,
,,,,,,,,
,,,,,,,,
,,,,,,,,
,,,,,,,,
,,,,,,,,
,,,,,,,,
,,,,,,,,
,,,,,,,,
,,,,,,,,
,,,,,,,,
,,,,,,,,
,,,,,,,,
,,,,,,,,
,,,,,,,,
,,,,,,,,
,,,,,,,,
,,,,,,,,
,,,,,,,,
,,,,,,,,
,,,,,,,,
,,,,,,,,
,,,,,,,,
,,,,,,,,
,,,,,,,,
,,,,,,,,
,,,,,,,,
,,,,,,,,
,,,,,,,,
,,,,,,,,
,,,,,,,,
,,,,,,,,
,,,,,,,,
,,,,,,,,
,,,,,,,,
,,,,,,,,
,,,,,,,,
,,,,,,,,
,,,,,,,,
,,,,,,,,
,,,,,,,,
,,,,,,,,
,,,,,,,,
,,,,,,,,
,,,,,,,,
,,,,,,,,
,,,,,,,,
,,,,,,,,
,,,,,,,,
,,,,,,,,
,,,,,,,,
,,,,,,,,
,,,,,,,,
,,,,,,,,
,,,,,,,,
,,,,,,,,
,,,,,,,,
,,,,,,,,
,,,,,,,,
,,,,,,,,
,,,,,,,,
,,,,,,,,
,,,,,,,,
,,,,,,,,
,,,,,,,,
,,,,,,,,
,,,,,,,,
,,,,,,,,
,,,,,,,,
,,,,,,,,
,,,,,,,,
,,,,,,,,
,,,,,,,,
,,,,,,,,
,,,,,,,,
,,,,,,,,
,,,,,,,,
,,,,,,,,
,,,,,,,,
,,,,,,,,
,,,,,,,,
,,,,,,,,
,,,,,,,,
,,,,,,,,
,,,,,,,,
,,,,,,,,
,,,,,,,,
,,,,,,,,
,,,,,,,,
,,,,,,,,
,,,,,,,,
,,,,,,,,
,,,,,,,,
,,,,,,,,
,,,,,,,,
,,,,,,,,
,,,,,,,,
,,,,,,,,
,,,,,,,,
,,,,,,,,
,,,,,,,,
,,,,,,,,
,,,,,,,,
,,,,,,,,
,,,,,,,,
,,,,,,,,
,,,,,,,,
,,,,,,,,
,,,,,,,,
,,,,,,,,
,,,,,,,,
,,,,,,,,
,,,,,,,,
,,,,,,,,
,,,,,,,,
,,,,,,,,
,,,,,,,,
,,,,,,,,
,,,,,,,,
,,,,,,,,
,,,,,,,,
,,,,,,,,
,,,,,,,,
,,,,,,,,
,,,,,,,,
,,,,,,,,
,,,,,,,,
,,,,,,,,
,,,,,,,,
,,,,,,,,
,,,,,,,,
,,,,,,,,
,,,,,,,,
,,,,,,,,
,,,,,,,,
,,,,,,,,
,,,,,,,,
,,,,,,,,
,,,,,,,,
,,,,,,,,
,,,,,,,,
,,,,,,,,
,,,,,,,,
,,,,,,,,
,,,,,,,,
,,,,,,,,
,,,,,,,,
,,,,,,,,
,,,,,,,,
,,,,,,,,
,,,,,,,,
,,,,,,,,
,,,,,,,,
,,,,,,,,
,,,,,,,,
,,,,,,,,
,,,,,,,,
,,,,,,,,
,,,,,,,,
,,,,,,,,
,,,,,,,,
,,,,,,,,
,,,,,,,,
,,,,,,,,
,,,,,,,,
,,,,,,,,
,,,,,,,,
,,,,,,,,
,,,,,,,,
,,,,,,,,
,,,,,,,,
,,,,,,,,
,,,,,,,,
,,,,,,,,
,,,,,,,,
,,,,,,,,
,,,,,,,,
,,,,,,,,
,,,,,,,,
,,,,,,,,
,,,,,,,,
,,,,,,,,
,,,,,,,,
,,,,,,,,
,,,,,,,,
,,,,,,,,
,,,,,,,,
,,,,,,,,
,,,,,,,,
,,,,,,,,
,,,,,,,,
,,,,,,,,
,,,,,,,,
,,,,,,,,
,,,,,,,,
,,,,,,,,
,,,,,,,,
,,,,,,,,
,,,,,,,,
,,,,,,,,
,,,,,,,,
,,,,,,,,
,,,,,,,,
,,,,,,,,
,,,,,,,,
,,,,,,,,
,,,,,,,,
,,,,,,,,
,,,,,,,,
,,,,,,,,
,,,,,,,,
,,,,,,,,
,,,,,,,,
,,,,,,,,
,,,,,,,,
,,,,,,,,
,,,,,,,,
,,,,,,,,
,,,,,,,,
,,,,,,,,
,,,,,,,,
,,,,,,,,
,,,,,,,,
,,,,,,,,
,,,,,,,,
,,,,,,,,
,,,,,,,,
,,,,,,,,
,,,,,,,,
,,,,,,,,
,,,,,,,,
,,,,,,,,
,,,,,,,,
,,,,,,,,
,,,,,,,,
,,,,,,,,
,,,,,,,,
,,,,,,,,
,,,,,,,,
